"","Lake_ID","NIVA_station_ID","NVE_number","DNAsampleID","Lake_name","Long","Lat","Altitude","CBA_date","CBA_week","NIVA_date","T","pH_bio","EC_bio","DNA","Cells","TOC","DOC","TN","DN","TOTP","DP","pH","EC","Alkalinity","F","Cl","NO2","B","SO4","NO3","PO4","Na","K","Ca","Mg","Fe","Al","Cr","Ni","Cu","Zn","As","Cd","Pb","V","Mn","Co","Hg_total","a254","a410","a600","a275","a295","s_275_295","a350","a400","s_350_400","SUVA","SARuv","SARvis","Ar","N2","O2","CO2","CH4","N2O","p_N2","p_O2","c_O2","p_CO2","c_CO2","p_CH4","p_N2O","d18O","d2H","Survey","RR","tmax","tmax_h","auc","OD","width","BdgT","ox_initial","incub_date","lag_bdg","H","CN","CP","NP","CNP","SR","sVISa"
"1",12147,"522-3-16",267,"L35","Espedalsvatnet",9.6162769,61.3829981,722,2019-10-08,40,"43752",6,6.7,25,"3.1",261188.4,5.508,3.285,0.156,0.1178,10,3.4,7,11.8,0.195,"7.7000000000000002E-3",0.6694,0.2764,0.0779,1.7404,"0.20610000000000001","na",0.68,0.39,2.28,0.65,0,0.01,0.0303,0.168,0.0687,0.323,0.00445,0.000321,0.00392,0.00766,4.55e-05,0.00181,3.72,0.074,0.009,0.003,0.06,0.043,0.016657222,0.019,0.01,0.012837078,0.022526636,7.4,"3.3333333330000001","20.69042919","815.2890744","434.97846809999999","65.957015810000001","26.281819389999999","15.330085759999999","0","0","0.98600470299999998","107.5796357","0","9.5177399999999996E-4","1.5848653000000001E-2",-11.51801392,-82.86848884,"100_lakes",2.20450769469106,15.34425,21.61,11.8499842585676,5.78211196047979,6.82208333333333,3.29691666666666,268.086162046908,2019-10-09,1,1.99526231496888e-07,32.5204124572283,2491.25678911978,76.6059407271154,0.000296222698176577,1.29758672495407,0.0030441400304414
"2",12150,"534-5-1",523,"L26","Randsfjorden",10.465579,60.424115,134,2019-10-07,40,"43762",8.9,6.5,19.2,"4.4800000000000004",570749.7,8.39,6.101,0.575,0.4171,5.5,3.3,7.17,30.8,0.332,"0.1129",1.4546,1.0394,0.1122,4.3123,"1.6297999999999999","na",1.09,0.71,6.81,0.89,0.04,0.03,0.0338,0.0646,0.0618,0.246,0.0127,0.000867,0.0172,0.00583,6.35e-05,0.00217,4.87,0.159,0.015,0.003,0.128,0.093,0.015971539,0.039,0.018,0.015463798,0.026061301,8.833333333,"6","19.46290072","717.05219220000004","403.2957806","136.86832219999999","15.190020690000001","15.58297544","0","0","0.68612467700000002","119.0120111","0","3.3009630000000001E-3","0",-11.73792712,-85.37837611,"100_lakes",3.59537802697319,10.9567499999999,18.5413333333333,25.5037406499093,11.3718453927083,8.26750000000001,3.80416666666667,239.867991757818,2019-10-09,2,3.16227766016838e-07,17.057948419016,4767.04359387733,279.461719356772,0.000160086261374826,1.03283417178626,0.00295033601049008
"3",12151,"529-601",254,"L23","Skjelbreida",10.580267,60.634204,409,2019-10-07,40,"43745",9.2,7.1,29.8,"4.18",776113.5,13.93,7.556,0.315,0.263,5.5,4,6.42,24.8,0.178,"8.9999999999999998E-4",1.0641,0.1801,0.0795,1.8045,"na","na",0.8,0.76,3.11,0.45,0.05,0.05,0.0497,0.035,0.135,1.07,0.0483,0.00938,0.25,0.00472,0.000357,0.00739,8.94,0.299,0.047,0.019,0.244,0.185,0.01384062,0.091,0.051,0.011580677,0.039571202,5.862745098,"2.6842105260000002","18.331209309999998","715.78131800000006","383.60412730000002","24.689094990000001","16.796331160000001","15.671437539999999","0","0","0.27874656199999998","13.21132471","0","0","9.6089469999999996E-3",-10.56394629,-79.18554094,"100_lakes",2.5331530339653,15.09075,21.4071666666667,13.2348518967403,5.97850415409061,6.23875,2.73883333333334,268.086162046908,2019-10-09,2,7.94328234724282e-08,33.5044244930107,4870.72933144617,145.375705004641,0.000259408006637135,1.19514774481665,0.0067496029645315
"4",12180,"533-3-17",117,"L30","Mylla",10.598031,60.24374,498,2019-10-07,40,"43762",6.9,6.9,57.5,"5.6",784954.5,15.35,6.777,0.284,0.172,6.7,3,7.29,42.3,0.516,"0.36420000000000002",1.0569,1.0464,0.1236,3.7236,"0.34300000000000003","na",0.81,0.4,9.21,0.69,0.01,0.05,0.0258,0.0373,0.0573,0.806,0.0189,0.00221,0.011,0.00534,9.44e-05,0.00282,4.49,0.134,0.014,0.005,0.108,0.077,0.01691629,0.033,0.016,0.014478377,0.019772761,8.375,"3.2","20.675359520000001","698.25762369999995","401.06104729999998","155.2529505","56.861093099999998","18.210918710000001","0","0","0.81634989599999996","0","102.57383419999999","0","0",-10.20450286,-74.66252027,"100_lakes",4.33777637848442,9.18149999999998,17.324125,28.075949109061,12.4779027448592,7.71008333333334,3.85475,239.8679917477,2019-10-09,2,1.25892541179417e-07,45.9488874539424,5824.76313379402,126.766140739154,0.000474345681482866,1.16838303077755,0.00236092666371551
"5",12249,"545-4-1",146,"L31","Bygdin",8.7911252,61.328541,1058,2019-10-02,39,"43733",5.8,6.8,9.1,"2.76",221277.6,3.834,2.006,0.058,0.052,12.3,12.2,7.31,6.24,0.0727,"na",0.5936,0.193,0.0708,1.3221,"0.25019999999999998","na",0.3,0.17,0.96,0.17,0,0.09,0.0329,0.02,0.0551,1.7,0.00232,0.000622,0.00421,0.00641,7.3e-05,0.002,7.15,0.011,0.001,0,0.009,0.006,0.020273255,0.003,0.002,0.008109302,0.005483549,5.5,"Inf","19.764926299999999","713.55717119999997","402.6705943","15.494816520000001","5.7322038859999997","17.8521073","0.50545394799999999","0","9.2089535E-2","138.5842763","0","2.4201029999999998E-3","2.8664950000000002E-3",-13.31267588,-95.44679448,"100_lakes",3.61531823642826,6.43983333333335,12.6774166666667,16.0779485120846,7.53909517236214,5.40025,2.48458333333333,189.234761046101,2019-10-05,3,1.58489319246111e-07,44.9876747596754,423.968056603851,9.42409357382199,0.000114202318631733,2.5,0.000997008973080758
"6",12251,"545-4-5",1573,"L40","Tyin",8.136646,61.27565,1084,2019-10-01,39,"43733",11,6.8,4.8,"2.08",41173.8,2.543,1.526,0.068,0.0602,8.2,6.3,6.6,7.19,0.0712,"na",0.2603,0.1666,0.0639,1.1003,"0.15620000000000001","na",0.28,0.07,0.55,0.11,0.02,0.07,0.018,0.0179,0.0435,0.439,0.00259,0.00497,0.0134,0.00543,0.000228,0.00663,6.27,0.009,0.002,0.001,0.008,0.005,0.023500181,0.002,0.002,NA,0.005897772,4.5,"2","17.260349819999998","642.54561960000001","345.36320790000002","7.838506518","11.55307097","13.34939161","2.0400263619999999","0.71832369699999998","0","87.197613930000003","0","2.4036363000000002E-2","6.9435732999999999E-2",-13.41421027,-95.62460313,"100_lakes",4.53819301419386,6.05958333333335,12.905625,17.7515305894565,8.7277365855078,5.17225,2.53541666666667,189.234760477714,2019-10-05,4,1.58489319246111e-07,29.5613323445756,624.562669404897,21.1276901231924,0.000145319755985953,NA,0.00131061598951507
"7",12259,"545-3-7",570,"L50","Helin",8.716318,61.020559,868,2019-10-01,39,"43740",7.7,6.7,10.3,"2.5",145750.2,4.571,1.619,0.089,0.0766,20.5,4.5,7.22,19.05,0.147,"8.1100000000000005E-2",0.6564,0.3984,0.0815,2.2246,"0.16589999999999999","na",0.47,0.18,1.78,0.72,0,0.06,0.00956,0.0266,0.0233,0.839,0.00724,0.000816,0.00402,0.0021,0.000247,0.00198,7.11,0.027,0.004,0.001,0.021,0.014,0.020273255,0.006,0.004,0.008109302,0.016676961,6.75,"4","18.209103840000001","682.6138052","372.37539179999999","45.760930010000003","9.2913995109999998","16.029359759999998","0","0","0.300738222","120.84999670000001","0","0","1.9160541E-2",-12.15708218,-89.51035759,"100_lakes",0.839672423999417,6.97225,15.555,7.423014387352,2.27436018747884,11.6625833333333,3.19441666666666,189.234759313828,2019-10-05,4,1.99526231496888e-07,24.6481336842446,927.676111712412,37.6367689171287,0.000169633933378012,2.5,0.00247066090179123
"8",12260,"545-4-3",517,"L29","Vangsmjosi",8.671554,61.157512,466,2019-10-01,39,"43752",8,6.3,6,"5.94",168484.2,4.088,1.857,0.196,0.1288,6.7,2.9,7.05,8.66,0.112,"9.6199999999999994E-2",0.8996,0.4061,0.0778,2.2044,"0.45579999999999998","na",0.59,0.38,1.62,0.32,0,0.12,0.0279,0.0349,0.0355,1.56,0.00777,0.000766,0.00283,0.00389,6.94e-05,0.00108,7.37,0.031,0.003,0.001,0.025,0.018,0.016425203,0.007,0.004,0.011192316,0.016693592,7.75,"4","18.055362550000002","679.83083729999998","384.85788969999999","38.365430359999998","15.425399519999999","15.43359549","0.173347739","5.2884394000000001E-2","0","101.21522880000001","0","0","1.2413392000000001E-2",-13.16971749,-95.146757,"100_lakes",1.25811032830914,17.8740833333333,23.8836666666667,11.8331499855397,3.47942339002085,11.7640833333333,3.57475,157.874148930907,2019-10-05,4,5.01187233627272e-07,16.8136499875115,1651.10975858337,98.2005548949663,0.000179558186245941,1.46754282134279,0.00215401184706516
"9",12262,"543-3-2",573,"L32","Vasetvatnet",8.964892,60.993173,796,2019-10-02,39,"43752",8.9,6.7,11.1,"6.56",947502.6,8.711,4.657,0.204,0.1543,9.5,4.7,7.07,8.38,0.125,"4.0500000000000001E-2",0.5848,0.323,0.0749,1.4966,"0.10730000000000001","na",0.43,0.88,1.43,0.63,0.02,0.01,0.0204,0.0347,0.0859,0.63,0.028,0.000631,0.0123,0.00294,0.00125,0.00214,7.86,0.126,0.011,0.002,0.1,0.075,0.014384104,0.031,0.013,0.017380757,0.027056045,9.692307692,"6.5","17.696399599999999","665.52127859999996","363.12592969999997","32.634834220000002","22.59835245","16.12734494","1.8569150809999999","0.27225491600000001","0","50.434957369999999","0","2.8603480000000001E-2","0",-12.35883758,-90.13928493,"100_lakes",2.16239513746987,12.7529166666666,20.1820416666666,12.1347272760032,6.71823843384428,6.49066666666667,3.9805,189.234759901163,2019-10-05,3,1.99526231496888e-07,35.1970506836653,2554.87948104309,72.5878853886127,0.00023192609780279,0.827587889296191,0.00279149667167705
"10",12267,"515-1-23",32290,"L36","Skytningen",9.025524,61.813256,824,2019-10-08,40,"43752",4.4,7.9,40.3,"6.62",783312.6,9.411,4.464,0.184,0.17,5.7,3.9,7.61,67.2,0.932,"0.1181",0.9555,2.2344,0.2816,15.362,"0.22120000000000001","0.1981",1.19,1.72,18.07,3.65,0.04,0.13,0.0293,0.248,0.05,0.462,0.0133,0.00054,0.00445,0.00441,0.00849,0.00328,4.1,0.1,0.009,0.003,0.078,0.052,0.020273255,0.02,0.01,0.013862944,0.022401434,10,"3.3333333330000001","19.86043467","736.34181490000003","402.71990779999999","46.272414179999998","147.55972360000001","16.310349039999998","0","0","0.910834327","0","50.109509750000001","0","0",-11.1565825,-88.24161123,"100_lakes",2.03778673860273,17.5759166666667,23.63875,13.3894204603278,6.01590223876765,8.14116666666667,3.60158333333333,268.086162046908,2019-10-09,1,1.25892541179417e-08,30.622541102029,2951.35612867692,96.3785506514142,0.000243174384084574,1.46240618154412,0.00224014336917563
"11",12282,"544-2-11",32999,"L33","Nordre_Vindin",9.017013,61.194979,725,2019-10-02,39,"43752",9.3,6.7,9.9,"3.66",616344,8.59,4.795,0.193,0.1479,8.9,3.4,7.01,11.78,0.159,"na",0.4224,0.6627,0.0857,1.3593,"5.0599999999999999E-2","na",0.74,0.21,1.94,0.76,0.03,0,0.0334,0.0179,0.0441,0.366,0.013,0.000385,0.00505,0.00417,0.00805,0.00261,8.47,0.136,0.013,0.002,0.108,0.077,0.01691629,0.032,0.015,0.015153714,0.028362878,9.066666667,"7.5","18.88123336","659.76240429999996","358.18108619999998","66.832093450000002","311.2478026","14.925610649999999","1.4248688709999999","0","3.9766569999999998E-3","39.00421206","0","0","0",-11.28062185,-87.04456434,"100_lakes",0.996721073027019,8.3920833333333,14.7690833333333,5.01508878521416,2.25037298433401,6.36374999999999,2.81416666666667,189.234761606626,2019-10-05,3,1.99526231496888e-07,37.8082346084716,3636.40070131791,96.1801242236025,0.000344388537007167,1.11631313617243,0.00312825860271116
"12",12700,"220-2-9",5509,"L58","Bondivatnet",10.4319554,59.8253818,99,2019-11-05,44,"43766",3.2,7.5,151,"11.4",238454.4,9.897,5.955,0.722,0.532,13.3,7,7.72,210,1.59,"na",9.2927,3.5393,0.282,10.8622,"3.0952000000000002","na",6.58,1.08,34.71,2.3,0.05,0.11,0.0492,0.0798,0.103,0.382,0.0918,0.000387,0.00456,0.0259,0.00302,0.00878,12.14,0.198,0.022,0.005,0.16,0.122,0.013557639,0.054,0.025,0.015402164,0.03324937,7.92,"5","19.748944009999999","745.57108219999998","403.43100320000002","151.58971940000001","995.02544260000002","20.97755793","0","0","1.0294145159999999","190.22840059999999","0","0","0",-10.56318361,-73.88504431,"100_lakes",1.2202277838723,18.255,25.8873333333333,13.0279097264019,8.21441143547669,16.1253333333334,7.226,213.56213963964,2019-11-07,2,3.16227766016838e-08,13.0537741719214,2193.54103976117,168.038837723995,5.77536265863435e-05,0.880242477615483,0.00419815281276238
"13",12702,"221-1-6",3268,"L3","Lombergtjern",11.6200416,59.7409199,193,2019-11-08,44,"43763",1.1,5.6,14.8,"3.2",748959,14.57,8.179,0.185,0.145,6.3,1.3,5.81,37.4,0.0871,"3.2000000000000001E-2",3.6587,0.3156,0.1737,2.434,"0.28939999999999999","na",2.43,0.72,1.98,0.77,0.39,0.43,0.0794,0.105,0.113,0.784,0.0286,0.00366,0.0389,0.0324,0.00289,0.0433,14.98,0.768,0.072,0.009,0.624,0.476,0.013536626,0.209,0.086,0.017759739,0.09389901,8.930232558,"9.5555555559999998","22.376819210000001","834.17277979999994","443.23104180000001","70.438330899999997","300.43763660000002","18.980209169999998","0","0","1.2183023820000001","415.81226509999999","0","1.727569994","0",-8.761567036,-63.48396597,"100_lakes",3.37792527533274,10.4716666666666,19.0293333333333,16.332930379943,6.60922848907667,6.79516666666667,2.40883333333334,267.66220703066,2019-11-08,0,2.51188643150958e-06,65.7806510698527,16222.5415164305,246.615703137442,0.00156709751048718,0.762208611286461,0.0105147328524269
"14",12710,"227-2-1",3107,"L19","Heia",11.216213,59.929028,183,2019-11-06,44,"43762",1,6.2,25.6,"5.24",251084.4,17.48,11.78,0.423,0.315,42.1,5.2,6.44,38,0.136,"3.9199999999999999E-2",4.0169,0.56,0.1915,2.3678,"0.43209999999999998","na",2.89,0.57,2.67,0.57,0,0.33,0.0696,0.0886,0.205,0.808,0.0314,0.00711,0.0568,0.0381,0.00216,0.0231,13.16,0.583,0.052,-0.002,0.473,0.362,0.013372559,0.16,0.063,0.018640782,0.049490662,9.253968254,"-31.5","21.945496349999999","797.76619949999997","435.6242191","102.2031664","102.8772699","22.677907619999999","0","0","0.79274549000000005","0","11.74458529","0","3.2235737E-2",-9.279056834,-66.99125469,"100_lakes",1.22149058088324,6.99816666666667,14.3386666666667,8.24871222303399,3.54871656087065,6.16133333333333,3.57508333333333,259.099790619145,2019-11-08,2,6.30957344480193e-07,43.6114672661172,5841.22567133973,133.937838772921,0.00025973983485224,0.717381867348698,0.00534804753820034
"15",12716,"239-4-3",141,"L8","Hurdalsjoen",11.065895,60.412575,176,2019-11-06,44,"43775",2.9,6.4,26.1,"3.02",247042.8,11.83,5.332,0.422,0.377,7.2,1.1,7,39,0.159,"1.2581",1.9953,0.5103,0.083,3.0392,"1.3715999999999999","na",1.69,0.67,2.89,0.45,0.03,0.06,0.0302,0.0257,0.109,0.712,0.0138,0.00161,0.00402,0.00759,0.000376,0.00178,13.24,0.14,-0.001,-0.009,0.108,0.075,0.018232156,0.024,0.001,0.063561077,0.026256564,140,"-0.111111111","21.90414346","761.93152329999998","417.09142600000001","62.429161280000002","56.105853199999999","23.212043739999999","0","0","0.211678598","82.601502409999995","0","0","0",-10.84727278,-77.81863909,"100_lakes",0.837930903668763,19.929,24.8862916666667,1.48552908660204,1.48552908660204,2.02833333333333,2.02833333333333,311.77420068918,2019-11-08,2,3.98107170553497e-07,16.4935731989266,12498.5460297757,757.782796913232,0.000464369056337052,0.286844667531357,0.00018754688672168
"16",12717,"239-1-186",4725,"L20","Buraastjern",11.031622,60.42876,208,2019-11-06,44,"43773",2.3,6.4,22.7,"3.2",201069.6,12.38,6.949,0.374,0.354,6.3,3,6.74,31.4,0.151,"na",1.2697,0.5032,0.0908,2.4596,"1.1183000000000001","na",1.26,0.46,2.6,0.49,0.14,0.1,0.0305,0.0514,0.062,0.923,0.0159,0.00284,0.00597,0.0122,0.00474,0.00904,13.08,0.253,0.012,-0.007,0.199,0.149,0.014467926,0.058,0.017,0.024544593,0.036408116,14.88235294,"-2.4285714289999998","22.613805240000001","790.46501899999998","419.01858170000003","100.2965421","697.95816420000006","30.226482130000001","0.17129003700000001","0","0.80229488500000001","46.218990259999998","0","0","0",-11.00608751,-77.15355106,"100_lakes",1.11868812339159,13.8945833333334,21.8943333333333,4.6718728507341,2.71686668352658,5.57816666666667,3.04258333333333,259.099804891314,2019-11-08,2,3.98107170553497e-07,22.8920671587768,5972.59539866234,260.902405939887,0.000236322439969106,0.589454712082616,0.00244639516477191
"17",12719,"239-2-10",3943,"L11","Holtjernet",11.096149,60.4716176,444,2019-11-06,44,"43762",2,6.4,27.5,"5.92",298573.2,13.07,6.159,0.358,0.305,10,10.2,6.7,35.1,0.187,"0.57479999999999998",1.1666,0.6576,0.1177,3.9155,"0.51270000000000004","na",1.19,0.42,3.65,0.55,0.07,0.02,0.0237,0.0294,0.101,0.836,0.0157,0.00103,0.00464,0.00624,0.0117,0.00393,11.18,0.203,0.011,-0.005,0.16,0.117,0.015649994,0.045,0.015,0.021972246,0.032959896,13.53333333,"-3","21.404136210000001","798.33780939999997","422.32327420000001","128.8711399","69.988002179999995","20.468300159999998","0","0","1.116571878","0","30.719578420000001","0","0",-10.11291564,-74.55204366,"100_lakes",1.73402671513894,1.8765,9.977625,9.28779479478851,9.28779479478851,7.86008333333333,7.86008333333333,259.09977628735,2019-11-08,2,3.98107170553497e-07,23.5492091266066,1556.94069651839,66.1143517876916,7.15018633971576e-05,0.712261914416942,0.00243546030199708
"18",12725,"217-3-1",297,"L7","Gjersjoen",10.7763916,59.7592617,40,2019-11-07,44,"43763",5.2,7.5,111.8,"3.64",662822.4,16.39,6.699,1.071,0.837,18.3,8.1,7.37,243,0.786,"1.7293000000000001",30.8314,2.5347,0.582,22.3638,"6.5068000000000001","0.1079",17.62,3.17,26.66,3.54,0.22,0.04,0.0366,0.145,0.258,0.294,0.0445,0.00149,0.0171,0.0464,0.00125,0.00878,11.73,0.305,0.029,0.006,0.245,0.183,0.014588603,0.077,0.034,0.016348898,0.045529183,8.970588235,"5.6666666670000003","18.97440654","717.99584249999998","388.0531656","52.2409739","61.226145600000002","17.114653709999999","0","0","0.67480688799999999","270.74448489999997","0","0.190936142","3.209824E-3",-9.301863885,-66.96266176,"100_lakes",1.33835432177868,5.29925000000003,17.393875,15.4792976201513,2.66245281229981,15.3145,2.45925,267.66220703303,2019-11-08,1,3.16227766016838e-08,9.33362786621224,2132.48997061336,228.473858308941,3.56867228415547e-05,0.892329440186121,0.00507538438572921
"19",12727,"231-2-5",3067,"L18","Tretjernet",11.133167,59.987185,192,2019-11-06,44,"43762",0.5,6.5,35.9,"4.4218000000000002",220519.8,21.95,9.208,0.747,0.415,28.9,4.4,7.55,81.1,0.4,"1.2243999999999999",2.4223,0.8553,0.149,3.1522,"0.32390000000000002","na",1.75,0.89,7.57,0.77,0.12,0.09,0.0278,0.0372,0.18,0.934,0.0223,0.000766,0.0158,0.0108,0.00179,0.00612,12.97,0.303,0.015,-0.006,0.241,0.173,0.016575267,0.066,0.021,0.022902646,0.032906169,14.42857143,"-3.5","22.5760057","813.05502860000001","443.94806360000001","192.4748894","117.5841959","18.922206559999999","0","0","1.442026649","0","71.112163780000003","0","0",-8.321324269,-63.35769476,"100_lakes",1.99218421486913,1.87633333333332,10.002875,5.04057994406191,5.04057994406191,3.37216666666666,3.37216666666666,259.099747303325,2019-11-08,2,3.16227766016838e-07,25.8751678431317,5396.0339385866,208.541021696944,0.000182125897295861,0.723727162354952,0.00228062554300608
"20",12729,"235-1-3",4141,"L4","Sesvolltjernet",11.164995,60.24918,195,2019-11-06,44,"43773",3,6.7,81.3,"3",718647,24.94,11.65,0.858,0.758,12.8,4.7,7.06,222,0.815,"7.9399999999999998E-2",9.2378,2.0733,0.8013,46.0277,"5.1406000000000001","na",6.34,2.18,32.1,4.12,0.05,0.13,0.0899,0.295,0.134,1.34,0.0465,0.00349,0.0329,0.0357,0.0209,0.112,12.34,0.921,0.14,0.02,0.773,0.631,0.010148659,0.334,0.162,0.014470893,0.079055794,5.685185185,"8.1","20.595994139999998","764.3764473","407.31251980000002","483.76413300000002","1587.1213290000001","337.2938011","0","0","1.061918063","0","19.80470248","0","0",-11.09940263,-77.07034702,"100_lakes",1.16497437955438,6.74458333333337,17.7615,10.7156022967813,3.48504387572773,12.52525,3.60025,259.099761841318,2019-11-08,2,1.99526231496888e-07,17.9234942727302,6391.31328197379,356.588575013405,0.000118104386729033,0.70131532311102,0.0139055793991416
"21",12742,"617-1-28",16183,"L39","Orkvatnet",8.979922,60.764222,805,2019-10-21,42,"43761",3.7,6.6,8.5,"2.64",862629,11.85,7.214,0.187,0.161,39.9,2.3,7.32,21.2,0.228,"na",0.7448,0.7449,0.1328,2.8025,"5.6599999999999998E-2","na",0.63,0.24,4.16,0.96,0.05,0.04,0.0526,0.0505,0.072,0.301,0.00952,0.00072,0.0212,0.00498,0.000569,0.00447,7.47,0.242,0.024,0.004,0.197,0.15,0.013628422,0.065,0.029,0.016141829,0.033545883,8.344827586,"7.25","20.18187417","752.30667219999998","409.98563589999998","109.6620441","102.7168095","16.976193299999998","0","0","0.99077873900000002","0","4.8733054349999998","0","5.143445E-3",-11.71803787,-85.8934025,"100_lakes",6.00283776445731,2.12975,5.38833333333333,14.685536693729,12.9488071036743,2.96658333333334,2.61158333333333,250.841770781247,2019-10-25,4,2.51188643150958e-07,52.253600865873,8087.42638088998,154.772613693153,0.000703606095137428,0.844292304174453,0.00401996118658165
"22",12743,"617-1-23",16098,"L22","Metubba",9.088398,60.787332,851,2019-10-21,42,"43740",3.3,6.4,5,"na",658528.2,9.949,4.846,0.125,0.125,16.3,3,7.07,17.04,0.118,"na",1.3211,0.4429,0.0992,2.1954,"5.2699999999999997E-2","na",0.83,0.14,2.42,0.63,0.02,0.03,0.0348,0.0548,0.11,0.73,0.0125,0.00123,0.0317,0.00494,0.000802,0.00356,9.59,0.199,0.017,0.003,0.158,0.119,0.014173577,0.05,0.02,0.018325815,0.041064796,9.95,"6.6666666670000003","20.5995633","763.29196869999998","417.14697580000001","83.620126529999993","772.35753739999996","18.911787799999999","0","0","1.094744382","0","10.47444497","0","0",-12.87406352,-93.76272597,"100_lakes",2.74976170523544,5.27391666666666,7.442125,15.8778499271047,7.625930246536,6.97266666666667,3.296,238.869676654014,2019-10-25,4,3.98107170553497e-07,45.2105050370494,4165.08811367358,92.1265557697342,0.000466723113665806,0.773421373073994,0.00412711514651259
"23",12757,"620-502",392,"L37","Storekrakkja",7.782901,60.437023,1151,2019-10-22,42,"43740",1.5,6.8,9,"na",58603.2,2.804,1.6,0.05,0.049,11.4,4.1,7.08,6.16,0.0741,"4.1942000000000004",0.4748,0.208,0.0542,0.6203,"1.7399999999999999E-2","na",0.38,0.06,0.66,0,0.03,0.13,0.115,0.0298,0.0193,0.214,0.00242,0.000972,0.0186,0.00144,0.000103,0.000911,4.06,0.009,0.002,0.001,0.008,0.005,0.023500181,0.002,0.002,NA,0.005625,4.5,"2","22.188919479999999","797.81122200000004","438.79067049999998","12.368976740000001","8.9809428400000009","20.04732886","0","0","1.069910763","30.00633638","0","0","8.4561200000000003E-4",-12.08773061,-85.93596987,"100_lakes",5.53554102728328,5.60341666666667,11.3847083333333,32.5520529716801,15.1267507790272,6.33866666666666,3.11858333333333,250.841769821655,2019-10-25,3,1.58489319246111e-07,38.0793796163041,1006.23209212693,26.4245925817579,0.00028763863090657,NA,0.00125
"24",12758,"620-4-6",553,"L38","Orteren",7.818089,60.461271,1147,2019-10-22,42,"43741",2.2,6.8,7.4,"2.16",74517,3.091,1.821,0.078,0.075,4,4,7.37,8.73,0.113,"0.18920000000000001",0.6274,0.2987,0.0686,1.3135,"4.3799999999999999E-2","na",0.49,0.16,1.53,0.05,0.07,0.02,0.0634,0.0456,0.0328,0.538,0.00394,0.00103,0.0217,0.0025,0.000137,0.00113,6.69,0.024,0.003,0.002,0.02,0.014,0.017833747,0.005,0.003,0.010216512,0.013179572,8,"1.5","20.996895550000001","779.98813870000004","437.69665989999999","28.00610636","9.5301915069999996","19.819786570000002","0","0","0.87016908699999995","17.929394309999999","0","1.5317908E-2","0",-12.21211813,-88.67083953,"100_lakes",2.71344798826071,7.85991666666669,13.7807083333333,11.8180424896748,8.19956407403495,5.40041666666666,3.70166666666667,250.841772584369,2019-10-25,3,1.58489319246111e-07,28.3148746981933,1173.84834734826,41.4569500963804,0.000219227917350762,1.74558078138605,0.00164744645799012
"25",12763,"620-3-7",389,"L21","Skurdalsfjorden",8.315378,60.461573,782,2019-10-22,42,"43752",5,6.3,15.2,"5.44",536522.4,7.348,3.926,0.14,0.136,7,4.7,7.19,14.26,0.173,"17.043099999999999",0.5153,0.8068,0.156,1.5364,"2.5700000000000001E-2","na",0.61,0.24,3.03,0.19,0.07,0.12,0.0581,0.0259,0.0434,0.235,0.011,0.000429,0.00381,0.00259,5.75e-05,0.00133,0,0.118,0.014,0.004,0.098,0.073,0.014725402,0.033,0.017,0.013265884,0.030056037,6.941176471,"4.25","19.89454606","734.21810619999997","400.39647159999998","103.4855245","29.266819909999999","16.737741320000001","0","0","0.84233667000000001","0","71.622166050000004","0","1.1499489999999999E-3",-12.17312496,-88.60708394,"100_lakes",7.13685320958446,7.68258333333334,10.002875,41.0808137568056,19.0628858176595,7.22608333333333,3.11858333333334,238.869630620978,2019-10-25,3,5.01187233627272e-07,33.6649015363368,2153.84514549606,63.9789527728537,0.000221830212889436,1.11002041024933,0.0043301069791136
"26",12765,"612-5-1",522,"L16","Tyrifjorden",9.995649,59.964537,63,2019-10-22,42,"43766",9.1,6.6,11.1,"4.5599999999999996",543847.8,8.316,4.042,0.27,0.268,3.3,0.9,7.47,22.1,0.238,"0.18990000000000001",1.6283,0.5643,0.0995,3.4344,"1.2238","na",1.2,0.52,4.49,0.63,0.29,0.03,0.0783,0.0703,0.0681,0.314,0.0167,0.000248,0.00368,0.00792,0.00012,0.00277,5.21,0.154,0.018,0.005,0.125,0.094,0.014250948,0.041,0.02,0.014356796,0.038099951,7.7,"4","17.737776149999998","667.96569599999998","361.1558139","84.010033359999994","37.508516450000002","15.382557309999999","0","0","0.31810393599999998","0","89.855117710000002","0","0",-11.84219752,-85.72702546,"100_lakes",4.81826033653306,6.54158333333333,9.21687499999999,28.0785383765957,11.8928379942275,6.92166666666667,2.99166666666667,238.869653799918,2019-10-25,3,2.51188643150958e-07,17.5884462874206,11580.1940813514,658.397785234367,0.00060523797946824,0.992627324369588,0.0049480455220188
"27",12777,"622-4-4",521,"L41","Kroderen",9.619445,60.180935,133,2019-10-21,42,"43761",7.9,6.6,6.9,"5.76",735823.8,116,44.04,0.131,0.114,3.3,0.9,7.1,13.66,0.114,"0.157",1.2701,0.3964,0.0796,1.8371,"0.44","na",0.97,0.37,2.17,-0.19,0.09,0.04,0.444,0.0643,0.0723,0.863,0.00821,0.00146,0.0232,0.00587,0.000179,0.00322,5.09,0.136,0.015,0.004,0.112,0.084,0.014384104,0.038,0.018,0.014944288,0.003088102,7.555555556,"4.5","18.16280102","683.52933380000002","369.69477799999999","25.094020310000001","27.46317492","15.659803459999999","0","0","0.34916572800000001","271.02440300000001","0","0","0",-12.51732749,-90.29814392,"100_lakes",25.1333443777001,23.9853333333334,25.9253333333333,160.74977899831,141.938845680273,8.62041666666667,7.25133333333333,238.869699188692,2019-10-25,4,2.51188643150958e-07,450.514133973682,126173.119085283,280.064729539992,0.0155026919212944,0.962515176367051,0.000408719346049046
"28",12832,"621-3-5",546,"L15","Soneren",9.585546,60.042745,104,2019-10-22,42,"43761",7.8,5.8,6.8,"3.64",722688.6,19.57,8.751,0.21,0.208,5.8,4.3,6.51,23,0.0828,"1.0098",1.2094,1.3316,0.2544,1.0374,"0.37880000000000003","na",0.77,0.27,1.25,0.22,0.01,0.16,0.152,0.0439,0.0752,1.19,0.017,0.00201,0.0217,0.0165,0.0018,0.0137,6.99,0.415,0.047,0.008,0.339,0.263,0.012692304,0.123,0.055,0.016097023,0.047423152,7.545454545,"6.875","19.84249676","691.53008969999996","374.0989864","55.818345450000002","38.889187380000003","20.403813039999999","0","0","0.50884062299999999","26.374077289999999","0","0","0",-11.29827191,-79.65196874,"100_lakes",16.6648556053708,7.98666666666666,12.7918333333333,86.6426345912793,40.2478774129507,6.36408333333334,2.9665,250.841771698965,2019-10-25,3,1.58489319246111e-06,49.0637016228713,5247.4857349755,106.952503814538,0.000353372753316355,0.788487660109574,0.00628499600045709
"29",12839,"624-4-5",542,"L52","Eikeren",9.843788,59.69984,19,2019-10-28,43,"43766",7.6,6.5,26,"13.5",513535.8,11.75,3.727,0.456,0.266,10.1,0.5,7.16,70.94,0.336,"1.5557000000000001",6.5564,1.1384,0.1414,4.3477,"2.625","na",4.33,0.87,7.42,1.15,0.06,0.16,0.0387,0.0248,0.111,0.965,0.0194,0.00215,0.00266,0.0144,8.14e-05,0.00185,11.14,0.1,0.01,0.004,0.079,0.055,0.018105733,0.022,0.011,0.013862944,0.026831232,9.090909091,"2.75","17.934154719999999","682.41817890000004","369.56533059999998","134.0649027","21.091589389999999","17.402334790000001","0","0","0.365507209","73.198903689999995","0","0.103072175","9.3653699999999998E-4",-9.812742236,-70.00015888,"100_lakes",27.5524032749268,17.8749166666667,17.951625,155.83434482532,72.4533329520439,7.04825,3.06783333333333,312.520762877537,2019-10-29,1,3.16227766016838e-07,16.3396864277921,19219.913412705,1176.27186406797,0.00101208017733744,1.30605252390834,0.00295143547088811
"30",12841,"624-2-23",6002,"L68","Skogsvatnet",9.937482,59.82288,213,2019-10-28,43,"43766",4.9,6.9,19.1,"11.7",613565.4,13.12,7.424,0.233,0.182,4.6,1.6,7.21,60.67,0.483,"2.9569000000000001",1.1285,1.551,0.1288,2.432,"0.32200000000000001","na",1.63,0.6,9.71,0.52,0.38,0.08,0.019,0.0213,0.0574,0.282,0.0263,0.000907,0.00374,0.013,0.0014,0.00523,11.7,0.222,0.02,0.005,0.177,0.13,0.015430764,0.054,0.024,0.016218604,0.029903017,9.25,"4.8","20.088393459999999","731.83446000000004","398.96954049999999","187.597892","749.70839799999999","19.428519300000001","0","0","0.81264371899999999","0","289.61525319999998","0","0",-10.45577049,-75.80415741,"100_lakes",1.74963730892626,14.3761666666666,14.8711666666667,8.43748283962649,4.02510517408967,6.13583333333334,2.86483333333333,312.520736962867,2019-10-29,1,1.25892541179417e-07,47.5699326899061,11964.0995753892,251.505497251374,0.000920775509628994,0.951423686033644,0.00323275862068966
"31",12851,"619-3-2",16403,"L34","Vassfjorden",8.421757,60.690809,736,2019-10-21,42,"43752",5.9,6.3,0.4,"4.8600000000000003",544353,7.76,4.39,0.129,0.121,6.5,2.8,7.24,18.23,0.189,"5.3844000000000003",0.6828,0.8677,0.1169,1.7635,"4.1700000000000001E-2","na",0.71,0.31,3.44,0.05,0.01,0.01,0.243,0.0291,0.0547,0.395,0.0103,0.00682,0.00816,0.00443,8.22e-05,0.00205,5.04,0.139,0.013,0.003,0.112,0.083,0.014982913,0.035,0.015,0.016945957,0.03166287,9.266666667,"5","19.083913290000002","750.47190460000002","388.55877400000003","80.294721370000005","30.999763250000001","15.096261200000001","0","0","0.73577132499999998","454.89045170000003","0","7.0439349999999998E-2","5.0174870000000002E-3",-12.42809989,-90.45416475,"100_lakes",3.17854003414376,6.56691666666666,10.0408333333333,19.865755819208,8.5945369487968,7.30216666666666,3.19466666666666,238.869721521069,2019-10-25,4,5.01187233627272e-07,42.3102032503263,4042.67219334658,95.5483992697529,0.000467981069522359,0.884158563603106,0.00341685649202733
"32",12917,"904-12",0,"L51","Snolosvatn",8.456736,58.481354,109,2019-11-03,43,"43767",5.3,5.4,13.2,"0",604724.4,11.09,6.094,0.252,0.185,4.6,1.9,6.15,22.93,0.0611,"na",3.0589,0.3131,0.088,1.7542,"0.61609999999999998","na",1.92,0.14,1.13,0.42,0.31,0.15,0.0321,0.0625,0.0718,0.821,0.0228,0.00414,0.0255,0.0222,0.000522,0.0188,11.7,0.216,0.02,0.001,0.175,0.131,0.014479433,0.057,0.024,0.017299949,0.0354447,9,"24","19.530638280000002","729.15104180000003","394.159356","40.62523719","79.580547210000006","16.030516909999999","0","0","0.74439211100000002","278.55443309999998","0","0","0",-8.52836141,-57.77956478,"100_lakes",1.32479091120185,12.576,22.7812083333333,4.55497222961121,2.21558475867029,3.87941666666666,1.87633333333333,260.465850515464,2019-11-05,2,3.98107170553497e-06,38.4146325327909,8270.10240612772,215.285214535589,0.000626158510284492,0.836963912436967,0.00393829996718083
"33",12923,"901-1-55",9453,"L47","Stavvatn",8.973607,58.712395,164,2019-11-02,43,"43767",4.3,4.6,19.3,"6.6",300594,20.47,11.66,0.355,0.232,10.6,2.5,5.06,23.45,0.0385,"3.1099999999999999E-2",3.1692,0.4116,0.1677,1.6397,"0.42549999999999999","na",1.95,0.54,0.9,0.33,0.03,0.4,0.076,0.0798,0.13,2.19,0.052,0.0103,0.123,0.0615,0.000821,0.0333,12.64,0.607,0.069,0.009,0.495,0.386,0.01243602,0.181,0.081,0.016080958,0.052058319,7.49382716,"9","20.069533509999999","767.44420820000005","403.22405420000001","129.38984300000001","334.21173040000002","21.769598850000001","0","0","0.92039492700000003","201.13317910000001","0","1.5993042999999998E-2","5.8876670000000001E-3",-8.949628943,-60.21990175,"100_lakes",2.96359431424113,9.35558333333335,19.6625416666666,9.12963934550095,4.41955229354962,4.564,2.10441666666667,264.221640625,2019-11-05,3,2.51188643150958e-05,58.6106485721422,12025.982849055,205.184265010352,0.000726068714511698,0.773338255096494,0.00694682675814751
"34",12925,"901-3-8",9042,"L44","Dalsvatnet",9.163271,58.754326,4,2019-11-02,43,"43767",6.8,5.8,28.7,"2.2999999999999998",238201.8,12.66,8.036,0.344,0.24,9.2,0.7,6.23,57.21,0.0886,"na",11.6367,0.5784,0.1719,2.739,"1.0103","na",6.42,0.19,1.91,1.24,0.25,0.14,0.0281,0.062,0.136,0.762,0.0332,0.00359,0.0317,0.0291,0.000224,0.0129,12.09,0.283,0.028,0.003,0.231,0.174,0.014168121,0.077,0.033,0.016945957,0.035216526,8.575757576,"11","18.31253954","695.21622349999996","376.50180390000003","56.495866509999999","118.1569167","16.349616650000002","0.29897840599999997","0","0.29825436399999999","52.172721359999997","0","5.1448203999999997E-2","0",-7.837463883,-54.84048905,"100_lakes",1.41186612490738,10.2940833333333,20.7655416666667,6.53531759663175,2.74605069874027,5.3755,2.15533333333333,260.465850515464,2019-11-05,3,1.58489319246111e-06,39.0476271750895,29600.832570144,758.069944619527,0.00172757859087503,0.836076770406062,0.00410652065704331
"35",12929,"914-1-14",10028,"L53","Valandstjern",8.726687,58.497914,44,2019-11-03,43,"43767",4.7,5.8,11.7,"5.48",802257.6,15.55,11.18,0.365,0.201,9.4,2.4,5.98,39.64,0.125,"3.44E-2",4.8489,0.6313,0.2066,3.0393,"0.46610000000000001","0.16930000000000001",3.18,1,2.36,0.68,0.15,0.27,0.0417,0.0903,0.111,0.821,0.0353,0.00375,0.0561,0.0555,0.00216,0.0439,13.46,0.582,0.07,0.009,0.481,0.378,0.012048654,0.179,0.081,0.015858733,0.052057245,7.185185185,"9","20.312336030000001","784.44056499999999","394.50281189999998","175.54563200000001","314.09304250000002","17.402458419999999","0","0","0.78904803899999998","0","86.963761099999999","0","0",-8.853059394,-59.79647517,"100_lakes",1.32842924458301,9.8119166666667,20.2710416666667,7.38653159010086,3.09181196322593,7.98691666666666,2.713,264.221640625,2019-11-05,2,1.58489319246111e-06,64.8651919819767,12011.3715205506,185.174377097166,0.000837031248200758,0.759748839960923,0.00724508050089445
"36",12931,"914-15",10026,"L49","Stokkebuvatnet",8.969279,58.612051,41,2019-11-03,43,"43767",4.9,5.9,30.6,"2.58",750979.8,10.3,4.991,0.157,0.138,4.2,1.6,6.04,36.02,0.105,"na",6.3498,0.4372,0.1276,2.5398,"0.2059","na",4,0.1,1.21,0.7,0.3,0.18,0.0393,0.0836,0.0659,0.993,0.0292,0.00416,0.0269,0.0254,0.00173,0.0362,12.03,0.287,0.029,0.003,0.232,0.177,0.013529382,0.078,0.034,0.016606966,0.057503506,8.441176471,"11.33333333","19.749714489999999","763.08565480000004","396.9405246","75.341667569999998","814.65524110000001","16.755918319999999","0","0","0.85387634599999995","68.163112260000005","0","0","0",-7.951114233,-55.42130955,"100_lakes",2.49880567903055,10.5472500000001,21.24725,10.3150676154975,4.64860087516803,5.29908333333333,2.2565,264.221640625,2019-11-05,2,1.25892541179417e-06,42.1768795271001,8043.21403296978,190.70197044335,0.000816386224346432,0.814681140432274,0.00681226207172911
"37",12955,"912-2-14",9588,"L43","Midtvatnet",8.746143,58.689426,210,2019-11-02,43,"43767",6.1,5.4,21.5,"3.08",952807.2,15.33,9.204,0.272,0.195,5,2.6,5.94,28.64,0.091,"2.9100000000000001E-2",4.5408,0.4243,0.1829,1.7239,"0.35339999999999999","na",2.78,0.4,1.52,0.35,0.34,0.25,0.0444,0.0762,0.112,1.23,0.0336,0.00477,0.0522,0.0319,0.00126,0.0194,12.94,0.48,0.052,0.006,0.393,0.305,0.012674892,0.14,0.061,0.016615371,0.052151239,7.868852459,"10.16666667","19.311331710000001","768.93481759999997","384.86938370000001","67.281200299999995","207.8660289","16.624658870000001","0","0","0.68113917400000001","294.97564269999998","0","4.6090247000000001E-2","2.165108E-2",-8.912014966,-61.23067574,"100_lakes",7.54551768715545,12.55075,22.857375,23.9207073944645,11.6370603833986,3.90466666666667,1.90158333333334,260.465850515464,2019-11-05,3,3.98107170553497e-06,55.0437432353676,9127.78286570644,165.827800385521,0.000655655664615128,0.762841347328326,0.00662755323772273
"38",12956,"912-2-18",9198,"L45","Ljostadvann",8.907225,58.753368,178,2019-11-02,43,"43767",4.2,5.4,8.6,"2.1800000000000002",878290.2,13.25,8.635,0.245,0.16,6.8,2.7,5.89,23.05,0.0813,"2.7300000000000001E-2",2.5919,0.4109,0.1561,1.8532,"0.45910000000000001","na",1.69,0.35,1.37,0.42,0.33,0.24,0.0452,0.119,0.0733,0.93,0.0373,0.00388,0.0498,0.0278,0.00126,0.039,13.45,0.478,0.054,0.007,0.393,0.306,0.012511225,0.143,0.063,0.016394198,0.055356109,7.587301587,"9","20.643313209999999","750.37167360000001","401.30730269999998","101.2503399","339.81829809999999","20.548891170000001","0","0","0.93803641100000001","382.3320415","0","2.7064730190000001","1.1673073000000001E-2",-8.888586228,-60.59783253,"100_lakes",2.36193255445968,9.736,19.726,6.95167145637319,3.42115857433245,3.702,1.8255,264.221640625,2019-11-05,3,3.98107170553497e-06,62.9373308841895,8246.32821148515,131.024434872511,0.000721914495364203,0.763149560594547,0.00729588882455125
"39",12957,"912-2-30",9304,"L48","R›mmelvann",8.938599,58.738035,176,2019-11-02,43,"43767",0.8,4.4,30.6,"2",369553.8,19.19,10.51,0.258,0.211,5.7,6,5.47,21.91,0.0611,"3.3000000000000002E-2",0.3916,0.162,0.1698,0.4223,"0.1512","na",1.85,0.22,0.9,0.44,0.47,0.29,0.0725,0.131,0.0794,1.53,0.0435,0.00606,0.0802,0.0428,0.00107,0.0462,12.88,0.525,0.061,0.009,0.43,0.335,0.012482734,0.158,0.071,0.015998303,0.049952426,7.394366197,"7.8888888890000004","21.523408870000001","802.59786640000004","434.18980670000002","189.30105660000001","2933.6462649999999","20.51889989","0","0","1.435210428","0","97.386511290000001","2.5231688980000002","0",-9.003643697,-60.30707063,"100_lakes",1.29721797758185,9.9391666666666,20.16975,4.20563500675862,2.05401996749901,4.05708333333333,1.92716666666666,260.465850515464,2019-11-05,3,3.98107170553497e-05,58.087973070499,4516.61948769184,77.7548130696556,0.000299830754332225,0.780253630650701,0.00675547098001903
"40",12964,"929-1-20",9234,"L46","Imetjern",8.495808,58.747538,148,2019-11-03,43,"43767",3.4,5.4,19.1,"na",602198.4,12.92,4.896,0.113,0.095,4.9,1.1,6.05,21.28,0.0804,"2.6599999999999999E-2",2.4681,0.4076,0.1575,1.9006,"0.17710000000000001","na",2.05,0.15,1.02,0.28,0.41,0.12,0.0262,0.0566,0.0386,0.922,0.0174,0.00228,0.0163,0.00849,0.00403,0.0245,11.53,0.426,0.055,0.007,0.353,0.283,0.011051058,0.142,0.064,0.015938879,0.087009804,6.65625,"9.1428571430000005","22.140519189999999","771.37232159999996","406.45503939999998","135.1966233","3965.5195659999999","18.759430930000001","0.43195411900000003","0","0.98008655","119.1365242","0","0","0",-9.162738064,-63.44758605,"100_lakes",2.53163549405795,8.5949166666667,19.1174166666666,11.6396870770552,4.96727314257654,5.83183333333334,2.43408333333333,264.221640625,2019-11-05,2,3.98107170553497e-06,60.1012861017751,11476.5343889314,190.953224686358,0.00169212439142907,0.693339726087387,0.0130718954248366
"41",12999,"402-1-28",4313,"L24","Eintjenn",12.372,60.071,175,2019-10-09,40,"43763",6.2,6.6,11.2,"2.12",552941.4,21.7,13.23,0.468,0.329,8.9,5,6.75,22,0.207,"0.26029999999999998",2.1498,0.9065,0.2015,2.9651,"0.28670000000000001","0.18090000000000001",1.89,0.45,3.51,1.08,0.03,0.12,0.0676,0.0725,0.148,1.91,0.0226,0.00194,0.0253,0.0282,0.0124,0.0197,10.08,0.646,0.081,0.013,0.535,0.423,0.011744728,0.209,0.094,0.015980789,0.04882842,6.872340426,"7.230769231","19.177667960000001","711.18485009999995","384.2551512","127.7175898","3113.9728249999998","16.09782547","0","0","0.66022508400000002","0","73.015771580000006","0","0",-9.620481634,-68.35345095,"100_lakes",3.05658506072925,15.0355833333333,22.31325,18.3719293931433,7.58777342203706,7.40375,2.68766666666667,152.236575828836,2019-10-11,2,2.51188643150958e-07,46.8953636471532,6822.63092165515,145.486256871564,0.000290469882430467,0.734927918765463,0.00710506424792139
"42",13000,"402-3-9",371,"L14","Nordre_Harsjoen",12.385,60.109,228,2019-10-09,40,"43763",8,6.5,10,"5.44",569107.8,16.39,9.006,0.325,0.256,6.3,5.7,6.55,15.79,0.0914,"1.4057999999999999",1.9227,0.4653,0.1125,2.0445,"0.13009999999999999","na",1.5,0.49,1.36,0.53,0.44,0.1,0.0287,0.0169,0.0673,0.785,0.0171,0.00363,0.0225,0.0105,0.0011,0.00241,9.75,0.317,0.031,0.006,0.256,0.189,0.015171521,0.082,0.037,0.015916027,0.035198756,8.567567568,"6.1666666670000003","18.75944338","714.27156950000006","370.73160159999998","34.346349510000003","58.352934840000003","14.89245841","0","0","0.42937787500000002","30.551277890000001","0","0.92057735100000004","4.9920900000000002E-4",-7.845197738,-61.50415182,"100_lakes",1.33626016494249,13.9960833333333,19.0170833333333,10.2604077442492,3.54485648812783,9.60958333333333,3.01733333333333,152.236575531286,2019-10-11,2,3.16227766016838e-07,41.0258831747981,4073.98218299892,99.3027295875872,0.00022290729858307,0.953222874025032,0.00410837219631357
"43",13008,"418-2-3",4041,"L13","Tennungen",11.447,60.356,298,2019-10-09,40,"43745",6.7,4.8,13.8,"8.42",675452.4,30.14,11.71,0.248,0.223,8,3.9,5.51,11.89,2.16,"4.7300000000000002E-2",1.0832,0.3794,0.1725,1.3789,"0.25569999999999998","na",1.06,0.17,1.35,0.3,0.02,0.43,2.89,0.0819,0.105,1.64,0.0344,0.00394,0.0728,0.0583,0.00476,0.0393,15.19,0.825,0.094,0.017,0.673,0.521,0.012799764,0.244,0.11,0.015933757,0.070452605,7.5,"6.4705882350000001","19.961859740000001","709.72923790000004","380.46463670000003","113.00982209999999","444.32484890000001","19.24436124","0","0","0.62732266400000003","0","13.16595077","0.91653288899999996","0",-10.22777685,-72.7609319,"100_lakes",2.34429487023066,14.706,21.5398333333333,12.7891115727592,5.80975863300245,6.84591666666666,3.09333333333334,152.236575228554,2019-10-11,2,1.58489319246111e-05,61.2375763173743,7742.02066908752,126.42598114862,0.000486289163730534,0.80331110861048,0.00939368061485909
"44",13018,"432-4-2",125,"L25","Storsjoen",11.357173,61.395858,252,2019-10-08,40,"43762",8.9,6.6,23.7,"4.22",599672.4,6.657,3.745,0.231,0.139,6.7,3.8,7.41,24.1,0.355,"0.32990000000000003",0.9969,0.8133,0.1024,3.216,"0.4501","na",0.95,0.82,5.88,0.87,0.03,0.02,0.0339,0.0491,0.174,0.96,0.00876,0.000691,0.00437,0.005,7.37e-05,0.00151,8.86,0.119,0.013,0.003,0.099,0.074,0.014552738,0.032,0.015,0.015153714,0.031775701,7.933333333,"5","19.313145980000002","747.24939089999998","395.18010390000001","138.68650640000001","18.610542819999999","14.16905665","0","0","0.59013574099999999","89.103578830000004","0","0","8.3636289999999992E-3",-12.61041113,-90.85826968,"100_lakes",3.99309704794892,10.50025,16.6645833333333,25.0764290229793,11.419701976902,8.95216666666668,4.10833333333333,239.867991737456,2019-10-09,1,2.51188643150958e-07,31.4197686892531,2541.14977936891,80.8774184336403,0.000256071114817413,0.960341339423458,0.00400534045393858
"45",13037,"412-5-1",118,"L28","Mjosa",10.678805,60.821181,123,2019-10-07,40,"43761",9.4,6.7,12.9,"3.82",618491.1,5.271,3.985,0.426,0.345,3.9,3.3,7.4,21.2,0.262,"7.3200000000000001E-2",1.3239,0.8649,0.1006,3.7269,"1.4948999999999999","na",0.97,0.39,4.76,0.66,0.11,0.02,0.0222,0.0377,0.0621,0.365,0.00749,0.000416,0.00285,0.00591,4.75e-05,0.00153,7.77,0.08,0.009,0.002,0.065,0.048,0.015159313,0.021,0.01,0.014838747,0.020075282,8,"5","19.212154259999998","771.37674630000004","410.0360761","75.587484349999997","22.884679299999998","14.839696719999999","0","0","0.50753557299999996","154.29410010000001","0","0","2.0759397999999998E-2",-13.06821596,-94.21661846,"100_lakes",2.88808329621364,11.6669166666666,18.7188333333333,17.5464712896486,7.58701215536323,6.61916666666666,2.89125,239.867991767831,2019-10-09,2,1.99526231496888e-07,13.4702356173508,3113.69754492725,231.153903567697,0.000126416120324046,1.02160330653255,0.00250941028858218
"46",13039,"412-3-4",257,"L27","Sjusjoen",10.712661,61.143073,810,2019-10-07,40,"43761",4.3,6.7,11.8,"4.8",668127,10.85,6.634,0.466,0.203,16.7,15,6.91,9.68,0.115,"na",0.6843,0.3009,0.0921,1.7541,"0.21690000000000001","na",0.61,0.2,2.02,0.26,0.03,0.02,0.0232,0.0319,0.0356,0.68,0.0127,0.00063,0.0067,0.00412,0.000535,0.00208,4.9,0.29,0.036,0.007,0.24,0.188,0.012209848,0.089,0.041,0.015501286,0.0437142,7.073170732,"5.8571428570000004","21.496584479999999","876.96265749999998","456.79938859999999","28.640847269999998","68.064364220000002","18.065017180000002","0","0","1.1358251880000001","70.905936260000004","0","0","3.2741549999999999E-3",-11.48124071,-83.09603841,"100_lakes",4.17843265273721,10.2211666666666,16.842125,24.5010809362561,9.96527948037141,7.53225,2.891,239.867991727069,2019-10-09,2,1.99526231496888e-07,38.1105653151278,1140.37121527489,29.9227053140097,7.86856138539672e-05,0.787666778098282,0.00618028338860416
"47",13051,"419-2-8",4091,"L60","Igletjernet",11.706,60.28,184,2019-10-09,40,"43763",7.3,6.2,17.2,"7.52",541321.8,18.38,10.23,0.301,0.297,8.8,4.5,6.48,16.15,0.186,"na",1.8552,0.64,0.113,2.1419,"0.1729","na",1.6,0.48,2.89,0.71,0.12,0.12,0.05,0.035,0.113,1.07,0.0203,0.00084,0.0269,0.0131,0.00203,0.00631,8.39,0.301,0.025,0.004,0.238,0.171,0.016530356,0.069,0.029,0.017336213,0.029423265,10.37931034,"7.25","21.2585391","736.05009480000001","375.2165177","122.335838","253.10506989999999","15.54767238","0","0","0.53066834799999996","0","114.42321560000001","0","0",-8.800549257,-68.31204212,"100_lakes",1.2364481600257,15.568,23.1625833333333,13.9997438962229,3.4037001527399,13.641,3.44833333333334,152.236574918376,2019-10-11,2,6.30957344480193e-07,40.1684566924763,5861.7212000111,145.928464339259,0.000276448245281332,0.953515972606013,0.00283479960899316
"48",13079,"814-2-4",7954,"L66","Grummestadvatnet",9.477768,58.94375,39,2019-10-25,42,"43766",8,6.1,11.2,"13.8",674694.6,16.42,10.06,0.334,0.284,13.7,3,6.54,54.55,0.205,"3.44E-2",5.5281,0.9321,0.2221,4.0559,"0.76449999999999996","na",4.1,0.67,3.94,1.02,0.29,0.22,0.0715,0.739,0.357,1.16,0.0351,0.00897,0.0511,0.0378,0.00159,0.0424,11.33,0.451,0.047,0.006,0.366,0.28,0.013392187,0.125,0.056,0.016059241,0.044831014,8.053571429,"9.3333333330000006","18.846132430000001","675.90264179999997","364.35503240000003","120.8718478","29.621982190000001","18.334500999999999","2.2123176600000001","0.143197676","0","552.31375690000004","0","6.4614990999999997E-2","0",-8.801615824,-60.28531574,"100_lakes",2.9859456794561,14.7560833333334,24.4670833333333,5.46736536174784,5.46736536174784,3.06791666666667,2.00308333333334,285.310159574468,2019-10-27,2,7.94328234724282e-07,41.3090875617538,8646.46851497239,209.311534708836,0.000426447480595839,0.833924031652554,0.00556660039761431
"49",13089,"817-1-34",7669,"L71","Eldhustjenna",9.208608,58.998787,59,2019-10-25,42,"43766",7.6,5.2,15.3,"9.1999999999999993",746938.2,21.84,11.62,0.308,0.279,11.9,4.8,5.51,31.27,0.09,"3.4500000000000003E-2",2.2838,0.6884,0.1876,2.6308,"0.74690000000000001","na",2.16,0.58,1.91,0.46,0.01,0.39,0.0459,0.0469,0.0709,0.873,0.0293,0.00427,0.0514,0.045,0.00224,0.0246,11.67,0.768,0.088,0.013,0.633,0.497,0.01209402,0.232,0.103,0.016240168,0.066092943,7.45631068,"7.923076923","19.196284179999999","685.51490409999997","362.61609540000001","388.36200969999999","1080.2249119999999","60.024824719999998","2.04791356","0","0.42375344700000001","65.996776139999994","0","0","0",-9.875921793,-67.14872294,"100_lakes",1.7325833074825,15.1364166666666,25.1263333333333,6.81595808514307,3.09920388228706,4.61433333333333,2.05358333333334,370.690437017995,2019-10-27,2,6.30957344480193e-06,48.5699757301327,6242.0454860822,128.516545298779,0.000313377530908794,0.744697961252618,0.00886402753872633
"50",13094,"817-2-61",15096,"L74","Sandvatnet",8.748224,59.087589,369,2019-10-25,42,"43766",6.7,5.4,4.8,"2.58",425125.8,9.91,7.479,0.183,0.114,15.2,4.2,5.87,13.25,0.0481,"1.3299999999999999E-2",0.9455,0.3553,0.0845,1.1293,"0.17680000000000001","na",0.84,0.1,0.64,0.16,0.01,0.13,0.0279,0.0371,0.057,0.883,0.0173,0.00233,0.0298,0.0103,0.000487,0.0115,6.93,0.179,0.018,0.004,0.144,0.107,0.014849223,0.047,0.021,0.016112503,0.023933681,8.523809524,"5.25","19.301796979999999","704.33727080000006","382.3868215","41.798509529999997","99.201446309999994","16.775928459999999","0","0","0.54839404700000005","0","25.70167593","0","0",-8.864988137,-63.03341702,"100_lakes",20.2266291457876,14.4011666666667,24.7966666666667,90.5602029733844,36.2227500276886,5.6285,2.12966666666667,285.310159574468,2019-10-27,2,3.98107170553497e-06,76.5076114438957,4591.51789431117,60.0138706157125,0.000564152553908917,0.921596290781141,0.00280786201363819
"51",13109,"831-4-8",1274,"L55","Fyresvatnet",8.083827,59.181786,280,2019-10-24,42,"43767",8.4,5.5,10.7,"2.3199999999999998",482213.4,7.374,3.388,0.314,0.182,11,3.3,6.39,14.83,0.0438,"0.2412",0.9021,0.2585,0.0532,0.906,"0.72819999999999996","na",0.75,0.18,0.79,0.13,0.14,0.08,0.022,0.00565,0.0645,0.769,0.0101,0.00169,0.0188,0.00711,0.000726,0.00622,8.56,0.128,0.014,0.004,0.103,0.078,0.013901008,0.035,0.016,0.015655187,0.037780401,8,"4","17.722455759999999","668.0518204","363.60311730000001","33.828358870000002","35.913794510000002","23.02295024","1.082369548","0.28374754699999999","0","0","14.62892796","0","0",-10.3900263,-73.29820967,"100_lakes",1.28694388858276,13.5391666666667,22.033125,3.60714982318144,2.31528507329481,3.3975,1.95208333333334,285.310159574468,2019-10-27,3,3.16227766016838e-06,21.7089078601026,2647.22892903727,121.942059273394,0.000203734811038599,0.887949022902122,0.00472255017709563
"52",13130,"815-2-27",8466,"L57","Lonstravatnet",9.23817,58.869925,89,2019-10-25,42,"43767",8,4.9,0.8,"2.48",705006.6,17.25,9.931,0.23,0.269,12,12.3,5.6,27,0.0573,"2.7300000000000001E-2",2.9308,0.4247,0.1656,1.3687,"0.35410000000000003","na",1.9,0.29,0.75,0.43,0.22,0.35,0.0331,0.0495,0.0776,1.78,0.0303,0.00506,0.0454,0.0187,0.000683,0.0262,9.87,0.426,0.043,0.007,0.345,0.264,0.013379766,0.117,0.051,0.016606966,0.042895982,8.352941176,"7.2857142860000002","18.92963559","682.67590129999996","369.63137640000002","50.990423710000002","119.7174564","17.052994689999998","0","0","0.40726916499999999","93.509472149999993","0","5.2171488000000002E-2","0",-9.096735686,-61.56958964,"100_lakes",1.36523206154885,14.98425,26.013625,4.05351393034438,1.97942310385756,3.65091666666667,1.77483333333333,285.310159574468,2019-10-27,2,1.25892541179417e-05,43.0533216298938,2081.85227227345,48.3552068332849,0.000108403363486001,0.805671909004932,0.00513543449803645
"53",13131,"815-1-29",8356,"L62","Lofthaugtjenna",9.282107,58.89143,61,2019-10-25,42,"43766",8,6,14.1,"7.16",752748,13.49,10.63,0.269,0.223,14.3,7.3,6.46,57.38,0.203,"4.36E-2",4.2091,1.0183,0.2502,5.4344,"0.76049999999999995","na",2.93,1.54,4.51,1.13,0,0.21,0.0716,0.24,0.199,1.27,0.0347,0.00314,0.0431,0.0351,0.00259,0.051,9.78,0.483,0.056,0.01,0.396,0.31,0.012242096,0.145,0.065,0.016046929,0.045437441,7.430769231,"6.5","18.09104975","676.21491390000006","362.38532750000002","274.95542949999998","889.64335219999998","25.863844790000002","0.77322987099999996","0","0.38505094000000001","109.0883528","0","0","0",-9.350394733,-63.44493594,"100_lakes",1.85543940778119,15.3393333333333,24.999625,5.82017975861208,2.8175370585672,3.95516666666667,1.90158333333334,370.690437017995,2019-10-27,2,1e-06,55.589704206122,3754.67579376439,67.5426474629613,0.000235837416337479,0.762893386017973,0.00611476952022578
"54",13138,"829-4-6",8,"L69","Kviteseidvatnet",8.529699,59.368056,72,2019-10-24,42,"43767",9.1,6.1,5.1,"2.44",628216.2,5,2.162,0.094,0.063,3,3,6.63,18.96,0.121,"na",1.2476,0.45,0.0668,0.9695,"0.31680000000000003","na",0.92,0.44,1.7,0.18,0.04,0.02,0.0256,0.0125,0.0532,0.847,0.00682,0.000951,0.00649,0.00535,0.000127,0.00129,7.4,0.078,0.008,0.002,0.063,0.047,0.014649356,0.02,0.009,0.015970154,0.036077706,8.666666667,"4.5","18.675171049999999","663.26719349999996","359.48198289999999","62.795995050000002","51.114708319999998","17.07941963","0.39024689800000001","0","0.22914716099999999","0","222.21774160000001","0","0",-11.41545301,-79.87542503,"100_lakes",0.45547415401563,7.0991666666667,18.7877916666666,1.40176922646186,0.864548335504845,1.44516666666666,1.141,285.310159574468,2019-10-27,3,7.94328234724282e-07,40.0203702161907,1858.21718979824,46.431784107946,0.000413143621865142,0.917295850747588,0.00416281221091582
"55",13154,"807-4-1",1,"L72","Heddalsvatnet",9.316061,59.510034,16,2019-10-24,42,"43761",8.5,6.2,7,"2.82",662822.4,9.083,7.985,0.189,0.141,3.6,4,6.6,22.12,0.105,"0.23519999999999999",1.4254,0.4774,0.0823,1.1141,"0.42749999999999999","na",1,0.26,1.65,0.2,0.04,0.07,0.016,0.0231,0.0516,0.835,0.0122,0.00148,0.00615,0.00692,0.00058,0.00307,8.69,0.191,0.022,0.006,0.156,0.12,0.013118213,0.055,0.025,0.015769147,0.02391985,7.64,"4.1666666670000003","17.72838175","668.94684400000006","363.21498350000002","44.672936389999997","179.0323487","18.706717179999998","0.390550803","0","6.8173117000000005E-2","0","146.0040003","0","0",-11.5100533,-82.39012857,"100_lakes",1.85728777350908,15.5928333333333,25.91225,6.20454608976396,2.98295085346507,4.38616666666667,2.003,370.690437017995,2019-10-27,3,6.30957344480193e-07,66.0422361062643,5147.27021064025,77.9390661811951,0.000511332013052751,0.831891097216609,0.00313087038196619
"56",13156,"807-3-1",33,"L65","Sonstevatn",9.146021,59.739848,318,2019-10-28,43,"43761",6,6.7,6,"7.82",551425.8,32.93,20.73,0.176,0.125,3.7,1,6.79,21.94,0.139,"0.37180000000000002",1.6793,0.4665,0.0898,1.216,"0.128","na",1.26,0.23,2.44,0.24,0.37,0.08,0.0365,0.0195,0.0722,0.422,0.0253,0.00129,0.00504,0.00567,0.000709,0.00268,9.41,0.209,0.018,0.004,0.166,0.119,0.016643215,0.049,0.021,0.016945957,0.010082007,9.952380952,"5.25","19.85267438","714.23823330000005","387.2368601","50.427472620000003","330.74704580000002","16.95646241","0","0","0.69890839800000004","0","12.914114509999999","0","0",-8.157462015,-63.19943923,"100_lakes",47.3280228892147,18.9145,19.3967916666667,242.313072459242,114.468611615773,6.21166666666667,2.91575,312.520684562353,2019-10-29,1,1.99526231496888e-07,193.399457164266,53451.6776288402,276.379667309203,0.00598958118837732,0.982134853758923,0.00101302460202605
"57",13157,"807-1-71",12683,"L73","Surtetj›rn",9.120064,59.77253,471,2019-10-28,43,"43761",5.2,4.8,3.6,"2.5",861113.4,13.33,11.9,0.163,0.081,7.6,1.6,5.06,16.48,0.0438,"3.0700000000000002E-2",0.7307,0.2317,0.1656,0.9145,"0.15970000000000001","0.1681",0.58,0.13,0.69,0.18,0.04,0.26,0.0318,0.0348,0.21,1.63,0.024,0.00522,0.0546,0.0227,0.00154,0.0214,14.46,0.56,0.065,0.01,0.458,0.356,0.012596923,0.169,0.076,0.015983307,0.047058824,7.368421053,"7.6","21.583773229999998","727.54023770000003","396.33146449999998","63.574401129999998","183.05825290000001","19.992924819999999","0","0","0.817169013","0","85.546208829999998","0","0",-11.16477669,-79.42027123,"100_lakes",19.1426322676984,14.88325,15.6571666666667,93.830529027664,45.2339238270643,6.009,2.86508333333333,312.520710843056,2019-10-29,1,1.58489319246111e-05,171.32782603601,19177.3686620598,111.933765260227,0.00331626423270952,0.788129953331936,0.00638655462184874
"58",13163,"822-2-11",6447,"L70","Bortevatn",9.355979,59.408652,195,2019-10-24,42,"43761",7.6,6,11.5,"8.2799999999999994",834085.2,19.17,9.591,0.224,0.194,4.3,3.7,6.68,29.05,0.174,"0.1686",1.369,0.488,0.0964,1.7662,"0.38779999999999998","na",1.2,0.14,2.99,0.35,0.19,0.3,0.0281,0.0299,0.0543,0.959,0.0172,0.00183,0.0112,0.0134,0.000363,0.00571,8.55,0.305,0.031,0.005,0.248,0.188,0.013849339,0.083,0.036,0.016706433,0.031800646,8.472222222,"7.2","18.092770940000001","679.13015759999996","367.36718990000003","136.18227880000001","165.80072680000001","20.860019600000001","0.69633929500000002","0","0.134491781","0","615.47899480000001","0","0",-9.962419219,-70.19032822,"100_lakes",1.62099976583761,15.7703333333333,26.5081666666667,5.11819253787062,3.07649067001811,3.65083333333334,2.12983333333334,370.690437017995,2019-10-27,3,1e-06,57.6538246298282,6683.81168613456,115.930065855103,0.000482578094266426,0.828982404562362,0.00375351892399124
"59",13196,"826-605",34,"L63","Sandvatn",9.08589,59.804559,309,2019-10-28,43,"43761",6.1,6,4.9,"8.6199999999999992",662317.2,59.29,8.977,0.154,0.138,3.2,2.7,6.47,22.55,0.091,"na",0.6642,0.297,0.0881,0.8515,"0.1368","na",0.65,0.2,1.52,0.19,0.07,0.16,0.0492,0.0385,0.0826,0.848,0.0329,0.00307,0.00857,0.0105,0.00389,0.00734,13.48,0.36,0.036,0.005,0.291,0.223,0.013307575,0.1,0.042,0.017350011,0.040102484,8.571428571,"8.4","19.35964564","714.67155449999996","389.13595199999997","56.037842939999997","163.78627940000001","20.277476539999999","0","0","0.69598557500000002","70.850229909999996","0","0","0",-11.38617374,-81.3379157,"100_lakes",44.5707217759177,19.878,20.9434166666667,287.149595402677,126.565398915961,8.01183333333334,3.44816666666667,312.520788703006,2019-10-29,1,1e-06,75.860919157439,8572.93437805468,113.008575077541,0.00087015283937255,0.767006718324271,0.004678623148045
"60",13437,"714-3-5",519,"L54","Bergsvannet",10.062187,59.578689,36,2019-11-05,44,"43766",3.6,7.3,73.8,"8.2799999999999994",463521,16.04,8.587,0.815,0.75,18.5,5.6,7.01,96.1,0.481,"1.6508",8.2667,1.5428,0.1725,5.3584,"3.8498999999999999","na",5.91,1.37,9.7,1.76,0.12,0.08,0.0477,0.0529,0.129,0.513,0.0348,0.00137,0.00882,0.0404,0.00284,0.00753,11.6,0.341,0.04,0.01,0.276,0.213,0.012955435,0.097,0.045,0.01536097,0.039711191,7.577777778,"4.5","19.787584979999998","747.25018050000006","404.05459880000001","62.251879729999999","97.724691239999999","28.60975505","0","0","0.88262407099999995","100.77746670000001","0","0","1.1392845E-2",-10.27714311,-71.15753563,"100_lakes",1.76341197573669,0,10.3325416666667,21.8886285844372,21.8886285844372,15.3139166666666,15.3139166666666,213.56213963964,2019-11-07,2,5.01187233627272e-08,13.3519950045791,3953.80707565684,296.121072117003,7.38413009449671e-05,0.843399537919806,0.00524047979503901
"61",13439,"728-1-3",5855,"L64","Solbergvatnet",9.9918566,59.3324216,232,2019-11-05,44,"43766",0.2,7.3,21.5,"5.46",192986.4,12.94,7.12,0.233,0.187,3.9,1.5,6.64,36.4,0.155,"0.70320000000000005",1.9643,0.563,0.0863,1.701,"0.39369999999999999","na",2.02,0.12,2.31,0.42,0.2,0.15,0.0199,0.0205,0.0288,0.975,0.0184,0.00264,0.009,0.0143,0.00568,0.00597,11.25,0.266,0.027,0.004,0.214,0.164,0.013305479,0.073,0.031,0.017129445,0.037359551,8.580645161,"7.75","22.540456540000001","833.56067740000003","450.06982570000002","27.794252050000001","1852.7020030000001","20.237422819999999","0","0","1.4608626300000001","62.181174640000002","0","1.448917617","0",-10.02168836,-67.65557005,"100_lakes",2.52070672148115,9.53325,16.962625,15.069794060484,6.77119770475039,7.25141666666667,3.2455,213.56213963964,2019-11-07,2,5.01187233627272e-08,44.4021856969792,12239.1363472373,275.642654863045,0.000916757127356964,0.776760659787868,0.00435393258426966
"62",13440,"728-1-6",5834,"L67","Rosovatnet",10.015193,59.400235,190,2019-11-05,44,"43766",0.9,6.7,19.3,"5.3",229613.4,15.61,4.265,0.212,0.111,4.6,2.5,6.59,27.4,0.197,"0.48959999999999998",1.8311,0.4628,0.0938,1.6237,"0.37740000000000001","na",1.65,0.16,2.5,0.36,0.42,0.23,0.0271,0.019,0.0325,1.15,0.0205,0.00276,0.0201,0.0146,0.0154,0.0128,15.16,0.382,0.041,0.006,0.311,0.241,0.012749799,0.11,0.048,0.016585587,0.089566237,7.958333333,"8","23.453557279999998","831.44718790000002","440.0485109","65.757319289999998","795.73296089999997","24.13581529","0","0","1.3182397210000001","107.9701409","0","0","0",-10.35312662,-70.79571157,"100_lakes",0.780601324243961,7.07366666666665,14.5158333333333,10.719634596253,3.08922388194422,16.80975,4.8425,213.56213963964,2019-11-07,2,1.99526231496888e-07,44.8086663801425,4398.8693697444,98.1700578282287,0.000555089759117206,0.768727630803782,0.0112543962485346
"63",13443,"709-1-5",6735,"L61","Balsrodtjernet",9.856297,59.0214781,5,2019-11-05,44,"43766",3.4,7,121.7,"6.68",274071,19.87,10.99,0.632,0.493,24.4,7.6,7.33,160.9,0.774,"0.1439",18.6251,2.4339,0.4858,8.9304,"1.8898999999999999","0.18260000000000001",14.22,2.46,15.83,2.53,0.23,0.26,0.0416,0.0683,0.186,0.531,0.0535,0.00236,0.0206,0.0481,0.00434,0.0229,13.3,0.494,0.063,0.014,0.403,0.313,0.012636669,0.149,0.072,0.014545604,0.044949955,6.861111111,"5.1428571429999996","19.847426980000002","747.3106679","404.9115759","186.94873630000001","222.1344599","23.087955520000001","0","0","0.96286107300000001","0","579.96443450000004","0","0",-9.393224139,-64.92061596,"100_lakes",1.39656053629219,17.82425,21.2983333333333,15.5629365392366,8.49572360705085,15.5168333333333,9.02616666666666,213.56213963964,2019-11-07,2,1e-07,25.9966109497666,3728.60294729831,143.426501035197,0.000105936189620299,0.868762067219759,0.00655141037306642
"64",13445,"720-2-1",5879,"L56","Gjennestadvatnet",10.2418847,59.2353606,53,2019-11-05,44,"43766",1.6,7.2,41.1,"15.6",303372.6,22.39,12.7,0.692,0.577,26.4,5.7,7.04,86.5,0.455,"0.11609999999999999",6.1827,1.5789,0.2426,5.4231,"2.4005999999999998","na",5.42,1.75,8.71,1.96,0.23,0.19,0.0544,0.0812,0.108,2.93,0.0428,0.00127,0.0266,0.047,0.00242,0.0119,15.1,0.606,0.074,0.015,0.497,0.389,0.012250534,0.183,0.086,0.015102777,0.047716535,7.046511628,"5.733333333","21.106005889999999","784.18850989999999","425.61320460000002","90.354988840000004","1546.3511000000001","31.864167269999999","0","0","1.282518442","272.89669500000002","0","0","0",-10.25772404,-69.87940731,"100_lakes",1.23716601845153,20.5366666666667,27.89025,14.6161739498295,14.6161739498295,17.6210833333333,17.6210833333333,279.65833332952,2019-11-07,2,6.30957344480193e-08,25.6681086820039,5745.01151722033,223.819042859523,0.000139463390505555,0.811144467007624,0.00677165354330709
"65",13449,"118-1-7",3494,"L10","Lilledalstjernet",11.6878093,59.2464685,113,2019-11-08,44,"43763",0.6,7.3,1.6,"5.48",1006358.4,15.7,12.57,0.511,0.33,23.5,8.6,7.08,90.8,0.49,"1.1592",9.7498,1.7814,0.2036,2.2964,"0.2432","na",5.65,1.9,7.28,2.76,0.13,0.03,0.0533,0.0853,0.124,1.3,0.0284,0.0016,0.0595,0.0282,0.0042,0.00947,11,0.387,0.043,0.009,0.314,0.237,0.014066642,0.106,0.049,0.015432376,0.030787589,7.897959184,"5.4444444440000002","21.856517440000001","809.49742389999994","439.85803550000003","80.80914903","351.06368370000001","18.648612279999998","0","0","1.4146427669999999","97.302103740000007","0","0","0",-5.855211738,-48.64641136,"100_lakes",16.9409399573946,13.5901666666667,22.4015,96.3704500178934,41.7845894736997,7.27683333333333,2.96658333333334,284.841294964029,2019-11-08,0,5.01187233627272e-08,44.4208944830875,3768.76332354257,84.8421304298017,0.000159966872342002,0.911502026648392,0.00389817024661893
"66",13453,"101-4-1",316,"L6","Femsjoen",11.4878221,59.1304439,80,2019-11-07,44,"43763",6,6.7,46.4,"4.04",605229.6,17.52,9.08,0.665,0.57,10.8,1.9,6.82,63.3,0.167,"0.44169999999999998",7.9652,0.681,0.1353,3.7035,"2.8685","na",4.31,1.22,4.22,1.54,0.23,0.17,0.0408,0.0607,0.137,0.503,0.0327,0.00205,0.0223,0.033,0.000691,0.00796,14.74,0.355,0.034,0.005,0.288,0.215,0.014616123,0.093,0.04,0.016874401,0.039096916,8.875,"8","18.98123279","706.04234689999998","383.33167889999999","43.925584569999998","53.774580899999997","17.526493729999999","0.64844094100000005","0.13527091099999999","0","66.339625209999994","0","0.381959777","0",-8.499233698,-61.88349397,"100_lakes",1.03114265319295,19.8529166666667,24.7722083333333,2.0785084635223,1.85592690384272,2.15525,2.15525,267.662207034192,2019-11-08,1,1.99526231496888e-07,18.5770587487785,12322.3711597702,663.311201542086,0.00030280605760509,0.866171368097748,0.00440528634361234
"67",13458,"119-4-3",323,"L17","Rodenessjoen",11.639645,59.488403,118,2019-11-08,44,"43763",6,6.6,26.8,"2.52",734813.4,18.89,10.32,1.002,0.811,17.4,6.5,6.87,72.5,0.214,"2.63E-2",6.8495,0.9258,0.1953,3.8861,"4.3380999999999998","na",3.99,1.2,5.07,0.47,0.22,0.22,0.0651,0.12,0.174,1.39,0.0299,0.00231,0.0436,0.0465,0.000849,0.009,11.15,0.429,0.05,0.009,0.352,0.269,0.01344599,0.125,0.058,0.015357415,0.041569767,7.396551724,"6.4444444440000002","20.69209266","716.07420560000003","386.39967139999999","69.650982189999993","20.229821869999999","24.16234116","0","0","0.66851782000000004","256.57709369999998","0","2.4626528000000002E-2","0",-8.98195852,-64.76280974,"100_lakes",5.68138336319809,14.2749166666666,22.756625,29.0153547486251,13.5828081103387,6.16125,2.86508333333333,267.662207029445,2019-11-08,0,2.51188643150958e-07,14.8396891833945,4093.81656558411,275.869427923401,7.07054113861118e-05,0.875537321873505,0.00562015503875969
"68",13459,"119-1-2",3344,"L5","Holevatnet",11.6591797,59.6127598,199,2019-11-08,44,"43763",1.4,6.3,51.2,"2.06",643624.8,18.87,12.46,0.33,0.21,26.4,6.4,6.32,72.1,NA,"3.0499999999999999E-2",11.8856,0.8278,0.2557,3.4825,"0.26900000000000002","0.16719999999999999",6.33,1.62,1.74,1.41,0.28,0.09,0.0438,0.0629,0.15,0.887,0.0239,0.00781,0.0867,0.0274,0.000932,0.013,14.88,0.511,0.053,0.008,0.415,0.319,0.013154371,0.144,0.062,0.016853578,0.041011236,8.241935484,"7.75","23.741287020000001","791.18121829999995","432.0839795","104.30840689999999","868.88307980000002","20.212064080000001","0","0","0.98847471099999995","247.97274609999999","0","3.8631080999999998E-2","0",-8.415466936,-60.96487802,"100_lakes",4.64741793874531,12.9818333333333,21.33675,21.7543523848291,9.4280558916502,5.98375,2.35791666666667,284.841294964029,2019-11-08,0,5.01187233627272e-07,69.1934060444593,5019.95826742153,72.5496626686657,0.000334831216437016,0.780509100204123,0.00497592295345104
"69",13469,"105-3-6",133,"L1","Isesjoen",11.197053,59.250624,38,2019-11-07,44,"43763",4.9,6.6,56.7,"5.08",893193.6,20.42,11.93,0.564,0.431,26.8,9.3,6.76,68.4,0.105,"2.75E-2",10.336,0.676,0.267,5.5945,"1.6695","na",5.95,1.32,3.63,2.1,0.01,0.18,0.0537,0.103,0.179,0.358,0.055,0.00225,0.0337,0.0629,0.00346,0.0156,11.98,0.467,0.056,0.012,0.382,0.291,0.013604867,0.136,0.064,0.015075436,0.039145013,7.296875,"5.3333333329999997","19.663473119999999","729.16322830000001","397.42660139999998","26.7412998","56.412211229999997","18.671136270000002","0","0","0.31574268500000002","116.5623219","0","5.0357461999999999E-2","0",-7.815908969,-56.02360572,"100_lakes",1.21394312223483,8.59533333333331,16.7474583333334,11.6082862115433,3.88821838475631,11.9674166666667,4.05683333333334,267.662207031854,2019-11-08,1,2.51188643150958e-07,32.2796736402304,3307.64988724494,102.468504610982,0.000107494784154617,0.902452638849052,0.00536462699077955
"70",13470,"105-3-10",3451,"L2","Tunevatnet",11.0865405,59.2940372,40,2019-11-07,44,"43763",4.2,6.8,78.8,"9.1",721425.6,12.26,6.708,0.393,0.302,21.4,6.5,7.32,109.6,0.356,"1.6352",17.7601,1.3728,0.2533,5.1116,"0.28399999999999997","na",10.85,1.69,6.01,1.18,0.5,0.01,0.0361,0.0449,0.15,0.186,0.0642,0.00128,0.0112,0.0282,0.000149,0.00283,9.68,0.148,0.015,0.005,0.121,0.084,0.018248687,0.035,0.017,0.014442694,0.022063208,8.705882353,"3.4","20.075781429999999","742.41937829999995","404.2160313","94.778729290000001","100.45667109999999","16.02400682","0","0","0.73011235399999996","179.4640167","0","0","0",-5.588837241,-43.86584421,"100_lakes",0.827444300715601,19.3964166666666,24.683375,1.90789970288734,1.70342487907741,2.66216666666667,2.58608333333334,284.841294964029,2019-11-08,1,1.58489319246111e-07,25.9031197120079,2660.98076762967,102.72819634139,0.000123418402689367,1.26352375810219,0.00253428741800835
"71",13471,"137-3-1",295,"L9","Sabyvatnet",10.9944016,59.4181121,47,2019-11-07,44,"43763",3.3,6.1,25.9,"2.92",1102093.8,27.4,14.99,0.613,0.525,48.5,9.5,6.29,54.1,0.132,"2.87E-2",6.2505,0.5475,0.2113,4.007,"1.8292999999999999","na",4.45,1.21,2.84,1.83,0.19,0.48,0.124,0.213,0.227,1.41,0.061,0.00828,0.0837,0.116,0.00524,0.0782,15.35,0.795,0.105,0.021,0.658,0.519,0.011865052,0.252,0.12,0.014838747,0.053035357,6.625,"5.7142857139999998","20.424046449999999","762.25255089999996","412.7581318","77.942873120000002","71.072989190000001","22.824589589999999","0","0","0.96125065700000001","314.88615549999997","0","2.1219162E-2","1.6475399000000002E-2",-9.243863488,-64.03804159,"100_lakes",1.26169087630026,4.96949999999998,13.70475,12.9982876195218,4.11448628838269,12.6269166666667,3.80325,284.841294964029,2019-11-08,1,7.94328234724282e-07,33.2972441928232,4068.55382565981,122.188905547226,0.000108549016068604,0.799599319268669,0.00800533689126084
"72",13617,"301-1-1",5505,"L12","Steinsrudtjern",10.86768,59.822163,133,2019-11-07,44,"43762",0.2,6.7,71.7,"6.68",283164.6,26.21,11.92,0.391,0.366,28.5,3.7,6.91,191.5,0.564,"2.8799999999999999E-2",36.3286,2.3119,0.4776,5.8542,"0.56999999999999995","0.16819999999999999",21.5,1.36,13.42,4.26,1.41,0.06,0.0481,0.105,0.318,0.746,0.0516,0.00223,0.0359,0.0424,0.00642,0.015,13.93,0.586,0.063,0.014,0.477,0.364,0.013518131,0.162,0.073,0.015942738,0.049161074,8.02739726,"5.2142857139999998","22.51972932","822.80081989999996","446.78589449999998","257.32532620000001","84.752418840000004","26.353996009999999","0","0","1.3844054029999999","93.550318419999996","0","0","0",-9.395266673,-67.6417525,"100_lakes",1.36918454441804,19.5233333333333,28.38525,2.38665169462885,2.38665169462885,2.10458333333334,2.10458333333334,284.841294964029,2019-11-08,1,1.99526231496888e-07,37.980539696535,8306.85385243707,218.713423211174,0.000317907382270727,0.847917779242185,0.0061241610738255
"73",13763,NA,7272,"L42","Langtjern",9.726841,60.372278,516,2019-11-08,44,"na",1.9,4.6,17.5,"3.74",1031113.2,26.52,17.94,0.276,0.223,3,1.1,5.03,27.6,0.0125,"3.3300000000000003E-2",0.48,0.1905,0.1566,0.6983,"0.21709999999999999","na",0.5,0.07,0.8,0.1,0.32,0.34,0.0432,0.052,0.399,1.22,0.0239,0.00384,0.0738,0.0251,0.000791,0.022,NA,0.668,0.077,0.011,0.551,0.428,0.012630581,0.202,0.09,0.016169161,0.037235229,7.422222222,"8.1818181820000007","na","na","na","na","na","na","na","na","na","na","na","na","na",-10.71039847,-76.23435086,"100_lakes",6.23004243424614,11.2821666666667,18.255125,31.287025382407,13.4189649180271,5.80575,2.58616666666666,238.646478835693,2019-12-02,24,2.51188643150958e-05,93.8174311813573,42052.4973319911,448.237569526925,0.00264138713062421,0.781152528569664,0.00501672240802676
